Model,Precision,Recall,F1 Score,Specificity,AUROC,AUPRC,Accuracy,Cohen's Kappa
GPBoost,0.8227521263669502,0.8274018634489079,0.8250704439875104,0.8878100365314363,0.928457511034862,0.9085915963007287,0.8644757802820225,0.7081245817454489
