Model,Precision,Recall,F1 Score,Specificity,AUROC,AUPRC,Accuracy,Cohen's Kappa
GPBoost_LSTM,0.8374219770648861,0.8811669466931419,0.8587377195593927,0.892328398384926,0.9458123734414787,0.9220844474852613,0.8880169921529294,0.7632304900177419
