Model,Precision,Recall,F1 Score,Specificity,AUROC,AUPRC,Accuracy,Cohen's Kappa
LightGBM,0.7774915254237288,0.8758209867114709,0.8237322223818417,0.8422418765621996,0.9321053317547966,0.915318278123585,0.8552126969142723,0.6941099042127848
