Model,Precision,Recall,F1 Score,Specificity,AUROC,AUPRC,Accuracy,Cohen's Kappa
LightGBM_LSTM,0.8221433640880057,0.8846800061096686,0.8522660388463802,0.879542395693136,0.9377701595200861,0.9024826744139345,0.8815269337424037,0.7496598088516948
